<PAMDataset>
  <Metadata domain="IMAGE_STRUCTURE">
    <MDI key="COMPRESSION">JPEG</MDI>
    <MDI key="INTERLEAVE">PIXEL</MDI>
    <MDI key="SOURCE_COLOR_SPACE">YCbCr</MDI>
  </Metadata>
  <Metadata>
    <MDI key="COMMENT">LEAD Technologies Inc. V1.01</MDI>
  </Metadata>
  <Metadata domain="xml:ESRI" format="xml">
    <GeodataXform xsi:type="typens:PolynomialXform" xmlns:xsi="http://www.w3.org/2001/XMLSchema-instance" xmlns:xs="http://www.w3.org/2001/XMLSchema" xmlns:typens="http://www.esri.com/schemas/ArcGIS/3.1.0">
      <PolynomialOrder>1</PolynomialOrder>
      <SpatialReference xsi:type="typens:ProjectedCoordinateSystem">
        <WKT>PROJCS["NAD_1983_StatePlane_Massachusetts_Mainland_FIPS_2001_Feet",GEOGCS["GCS_North_American_1983",DATUM["D_North_American_1983",SPHEROID["GRS_1980",6378137.0,298.257222101]],PRIMEM["Greenwich",0.0],UNIT["Degree",0.0174532925199433]],PROJECTION["Lambert_Conformal_Conic"],PARAMETER["False_Easting",656166.6666666665],PARAMETER["False_Northing",2460625.0],PARAMETER["Central_Meridian",-71.5],PARAMETER["Standard_Parallel_1",41.71666666666667],PARAMETER["Standard_Parallel_2",42.68333333333333],PARAMETER["Latitude_Of_Origin",41.0],UNIT["Foot_US",0.3048006096012192],AUTHORITY["EPSG",2249]],VERTCS["NAVD88_height_(ftUS)",VDATUM["North_American_Vertical_Datum_1988"],PARAMETER["Vertical_Shift",0.0],PARAMETER["Direction",1.0],UNIT["Meter",1.0]]</WKT>
        <XOrigin>-119851500</XOrigin>
        <YOrigin>-94498200</YOrigin>
        <XYScale>37371882.687749371</XYScale>
        <ZOrigin>-100000</ZOrigin>
        <ZScale>3048.0060960121918</ZScale>
        <MOrigin>-100000</MOrigin>
        <MScale>10000</MScale>
        <XYTolerance>0.0032808333333333331</XYTolerance>
        <ZTolerance>0.0032808333333333331</ZTolerance>
        <MTolerance>0.001</MTolerance>
        <HighPrecision>true</HighPrecision>
        <WKID>102686</WKID>
        <LatestWKID>2249</LatestWKID>
      </SpatialReference>
      <SourceGCPs xsi:type="typens:ArrayOfDouble">
        <Double>-0.039892216143758513</Double>
        <Double>-3599.050877346152</Double>
        <Double>4319.0241083483943</Double>
        <Double>-0.028901816803268816</Double>
        <Double>0.05769063084233883</Double>
        <Double>-0.0088778772042132914</Double>
        <Double>4319.0097861939394</Double>
        <Double>-3598.9889466498571</Double>
      </SourceGCPs>
      <TargetGCPs xsi:type="typens:ArrayOfDouble">
        <Double>731100.00000008952</Double>
        <Double>2902899.9999038433</Double>
        <Double>821099.98994725943</Double>
        <Double>2977899.9998379205</Double>
        <Double>731100.00000008941</Double>
        <Double>2977899.9998379196</Double>
        <Double>821099.98994725954</Double>
        <Double>2902899.9999038428</Double>
      </TargetGCPs>
      <Name />
    </GeodataXform>
  </Metadata>
</PAMDataset>
