<metadata xml:lang="en"><Esri><CreaDate>20220628</CreaDate><CreaTime>14485100</CreaTime><ArcGISFormat>1.0</ArcGISFormat><SyncOnce>FALSE</SyncOnce><DataProperties><lineage><Process Name="Create Fishnet" ToolSource="c:\program files\arcgis\pro\Resources\ArcToolbox\toolboxes\Data Management Tools.tbx\CreateFishnet" Date="20220628" Time="144851">CreateFishnet F:\current_work\projects\metro_3d\citySchema-cityTiler\scratch\tmp_tile_qtr_poly.shp "0 0" "0 10" 2500 2500 # # "86000 86000" NO_LABELS "0 0 86000 86000" Polygon</Process><Process Name="Add Fields (multiple)" ToolSource="c:\program files\arcgis\pro\Resources\ArcToolbox\toolboxes\Data Management Tools.tbx\AddFields" Date="20220628" Time="144852">AddFields F:\current_work\projects\metro_3d\citySchema-cityTiler\scratch\tmp_tile_qtr_poly.shp "center_x LONG # # # #;center_y LONG # # # #;quarter TEXT # 10 # #"</Process><Process Name="Calculate Geometry Attributes (2)" ToolSource="c:\program files\arcgis\pro\Resources\ArcToolbox\toolboxes\Data Management Tools.tbx\CalculateGeometryAttributes" Date="20220628" Time="144937">CalculateGeometryAttributes F:\current_work\projects\metro_3d\citySchema-cityTiler\scratch\tmp_tile_qtr_poly.shp "center_x INSIDE_X;center_y INSIDE_Y" # # PROJCS["MASP_BOS_SHIFT_3",GEOGCS["GCS_North_American_1983",DATUM["D_North_American_1983",SPHEROID["GRS_1980",6378137.0,298.257222101]],PRIMEM["Greenwich",0.0],UNIT["Degree",0.0174532925199433]],PROJECTION["Lambert_Conformal_Conic"],PARAMETER["False_Easting",-76033.33],PARAMETER["False_Northing",-442275.0],PARAMETER["Central_Meridian",-71.5],PARAMETER["Standard_Parallel_1",41.71666666666667],PARAMETER["Standard_Parallel_2",42.68333333333333],PARAMETER["Scale_Factor",1.0],PARAMETER["Latitude_Of_Origin",41.0],UNIT["Foot_US",0.3048006096012192]] "Same as input"</Process><Process Name="Calculate Field (6)" ToolSource="c:\program files\arcgis\pro\Resources\ArcToolbox\toolboxes\Data Management Tools.tbx\CalculateField" Date="20220628" Time="145054">CalculateField F:\current_work\projects\metro_3d\citySchema-cityTiler\scratch\tmp_tile_qtr_poly.shp quarter calcquarter(!center_x!,!center_y!) "Python 3" "
def calcquarter(center_x,center_y):
    modx = (5000 + center_x) % 5000
    mody = (5000 + center_y) % 5000
    #print("hello " + str(mody) + " " +  str(modx)) 
    if ((mody == 3750) and (modx == 150)):
        return "a"
    if ((mody == 3750) and (modx == 2650)):
        return "b"
    if ((mody == 1250) and (modx == 150)):
        return "c"
    if ((mody == 1250) and (modx == 2650)):
        return "d"
    else: return ""
    #return str(mody) + " " + str(modx)
" Text NO_ENFORCE_DOMAINS</Process><Process Name="Spatial Join" ToolSource="c:\program files\arcgis\pro\Resources\ArcToolbox\toolboxes\Analysis Tools.tbx\SpatialJoin" Date="20220628" Time="145056">SpatialJoin F:\current_work\projects\metro_3d\citySchema-cityTiler\scratch\tmp_tile_qtr_poly.shp F:\current_work\projects\metro_3d\citySchema-cityTiler\Cty3D_RepoCat\CityWide\Bos3d_TileGrid_Poly.shp F:\current_work\projects\metro_3d\citySchema-cityTiler\Cty3D_RepoCat\CityWide\Bos3d_QtrTile_Poly.shp "Join one to one" KEEP_ALL "Id "Id" true true false 6 Long 0 6,First,#,F:\current_work\projects\metro_3d\citySchema-cityTiler\scratch\tmp_tile_qtr_poly.shp,Id,-1,-1;center_x "center_x" true true false 10 Long 0 10,First,#,F:\current_work\projects\metro_3d\citySchema-cityTiler\scratch\tmp_tile_qtr_poly.shp,center_x,-1,-1;center_y "center_y" true true false 10 Long 0 10,First,#,F:\current_work\projects\metro_3d\citySchema-cityTiler\scratch\tmp_tile_qtr_poly.shp,center_y,-1,-1;quarter "quarter" true true false 10 Text 0 0,First,#,F:\current_work\projects\metro_3d\citySchema-cityTiler\scratch\tmp_tile_qtr_poly.shp,quarter,0,10;Id_1 "Id" true true false 6 Long 0 6,First,#,F:\current_work\projects\metro_3d\citySchema-cityTiler\Cty3D_RepoCat\CityWide\Bos3d_TileGrid_Poly.shp,Id,-1,-1;tile_id "tile_id" true true false 25 Text 0 0,First,#,F:\current_work\projects\metro_3d\citySchema-cityTiler\Cty3D_RepoCat\CityWide\Bos3d_TileGrid_Poly.shp,tile_id,0,25;tile_label "tile_label" true true false 10 Text 0 0,First,#,F:\current_work\projects\metro_3d\citySchema-cityTiler\Cty3D_RepoCat\CityWide\Bos3d_TileGrid_Poly.shp,tile_label,0,10;town "town" true true false 50 Text 0 0,First,#,F:\current_work\projects\metro_3d\citySchema-cityTiler\Cty3D_RepoCat\CityWide\Bos3d_TileGrid_Poly.shp,town,0,50;grid_col "grid_col" true true false 10 Text 0 0,First,#,F:\current_work\projects\metro_3d\citySchema-cityTiler\Cty3D_RepoCat\CityWide\Bos3d_TileGrid_Poly.shp,grid_col,0,10;grid_row "grid_row" true true false 10 Text 0 0,First,#,F:\current_work\projects\metro_3d\citySchema-cityTiler\Cty3D_RepoCat\CityWide\Bos3d_TileGrid_Poly.shp,grid_row,0,10;town_code "town_code" true true false 10 Text 0 0,First,#,F:\current_work\projects\metro_3d\citySchema-cityTiler\Cty3D_RepoCat\CityWide\Bos3d_TileGrid_Poly.shp,town_code,0,10;center_x_1 "center_x" true true false 10 Long 0 10,First,#,F:\current_work\projects\metro_3d\citySchema-cityTiler\Cty3D_RepoCat\CityWide\Bos3d_TileGrid_Poly.shp,center_x,-1,-1;center_y_1 "center_y" true true false 10 Long 0 10,First,#,F:\current_work\projects\metro_3d\citySchema-cityTiler\Cty3D_RepoCat\CityWide\Bos3d_TileGrid_Poly.shp,center_y,-1,-1;center_lat "center_lat" true true false 19 Double 0 0,First,#,F:\current_work\projects\metro_3d\citySchema-cityTiler\Cty3D_RepoCat\CityWide\Bos3d_TileGrid_Poly.shp,center_lat,-1,-1;center_lon "center_lon" true true false 19 Double 0 0,First,#,F:\current_work\projects\metro_3d\citySchema-cityTiler\Cty3D_RepoCat\CityWide\Bos3d_TileGrid_Poly.shp,center_lon,-1,-1" Within # #</Process><Process Name="Calculate Fields (multiple)" ToolSource="c:\program files\arcgis\pro\Resources\ArcToolbox\toolboxes\Data Management Tools.tbx\CalculateFields" Date="20220628" Time="145056">CalculateFields F:\current_work\projects\metro_3d\citySchema-cityTiler\Cty3D_RepoCat\CityWide\Bos3d_QtrTile_Poly.shp "Python 3" "tile_id '!tile_id! + "-" + !quarter!';tile_label '!tile_label! + "-" + !quarter!'" # NO_ENFORCE_DOMAINS</Process><Process ToolSource="c:\program files\arcgis\pro\Resources\ArcToolbox\toolboxes\Conversion Tools.tbx\ExportFeatures" Date="20231109" Time="093515">ExportFeatures Metro3d_Tile_Parts\Bos3d_QtrTile_Poly F:\current_work\projects\Boston\Bos3d\Bos3dDevpbc\Workflows\CityTiler\cityTiler\citytiler_data\citytyler_data.gdb\Metro3d_QtrTile_Poly # NOT_USE_ALIAS "Join_Count "Join_Count" true true false 10 Long 0 10,First,#,Metro3d_Tile_Parts\Bos3d_QtrTile_Poly,Join_Count,-1,-1;TARGET_FID "TARGET_FID" true true false 10 Long 0 10,First,#,Metro3d_Tile_Parts\Bos3d_QtrTile_Poly,TARGET_FID,-1,-1;Id "Id" true true false 6 Long 0 6,First,#,Metro3d_Tile_Parts\Bos3d_QtrTile_Poly,Id,-1,-1;center_x "center_x" true true false 10 Long 0 10,First,#,Metro3d_Tile_Parts\Bos3d_QtrTile_Poly,center_x,-1,-1;center_y "center_y" true true false 10 Long 0 10,First,#,Metro3d_Tile_Parts\Bos3d_QtrTile_Poly,center_y,-1,-1;quarter "quarter" true true false 10 Text 0 0,First,#,Metro3d_Tile_Parts\Bos3d_QtrTile_Poly,quarter,0,10;Id_1 "Id_1" true true false 6 Long 0 6,First,#,Metro3d_Tile_Parts\Bos3d_QtrTile_Poly,Id_1,-1,-1;tile_id "tile_id" true true false 25 Text 0 0,First,#,Metro3d_Tile_Parts\Bos3d_QtrTile_Poly,tile_id,0,25;tile_label "tile_label" true true false 10 Text 0 0,First,#,Metro3d_Tile_Parts\Bos3d_QtrTile_Poly,tile_label,0,10;town "town" true true false 50 Text 0 0,First,#,Metro3d_Tile_Parts\Bos3d_QtrTile_Poly,town,0,50;grid_col "grid_col" true true false 10 Text 0 0,First,#,Metro3d_Tile_Parts\Bos3d_QtrTile_Poly,grid_col,0,10;grid_row "grid_row" true true false 10 Text 0 0,First,#,Metro3d_Tile_Parts\Bos3d_QtrTile_Poly,grid_row,0,10;town_code "town_code" true true false 10 Text 0 0,First,#,Metro3d_Tile_Parts\Bos3d_QtrTile_Poly,town_code,0,10;center_x_1 "center_x_1" true true false 10 Long 0 10,First,#,Metro3d_Tile_Parts\Bos3d_QtrTile_Poly,center_x_1,-1,-1;center_y_1 "center_y_1" true true false 10 Long 0 10,First,#,Metro3d_Tile_Parts\Bos3d_QtrTile_Poly,center_y_1,-1,-1;center_lat "center_lat" true true false 19 Double 0 0,First,#,Metro3d_Tile_Parts\Bos3d_QtrTile_Poly,center_lat,-1,-1;center_lon "center_lon" true true false 19 Double 0 0,First,#,Metro3d_Tile_Parts\Bos3d_QtrTile_Poly,center_lon,-1,-1" #</Process><Process ToolSource="c:\program files\arcgis\pro\Resources\ArcToolbox\toolboxes\Conversion Tools.tbx\ExportFeatures" Date="20231229" Time="121106">ExportFeatures Metro3d_Tile_Parts\Bos3d_QtrTile_Poly F:\current_work\projects\Boston\Bos3d\Bos3dDevpbc\Workflows\CityTiler\cityTiler\citytiler_data\Metro_3d_TileGrid_MS\downloads\Metro3d_TileGrid_SHP\Metro3d_TileGridQtr_Poly.shp # NOT_USE_ALIAS "Join_Count "Join_Count" true true false 4 Long 0 0,First,#,Metro3d_Tile_Parts\Bos3d_QtrTile_Poly,Join_Count,-1,-1;TARGET_FID "TARGET_FID" true true false 4 Long 0 0,First,#,Metro3d_Tile_Parts\Bos3d_QtrTile_Poly,TARGET_FID,-1,-1;Id "Id" true true false 4 Long 0 0,First,#,Metro3d_Tile_Parts\Bos3d_QtrTile_Poly,Id,-1,-1;center_x "center_x" true true false 4 Long 0 0,First,#,Metro3d_Tile_Parts\Bos3d_QtrTile_Poly,center_x,-1,-1;center_y "center_y" true true false 4 Long 0 0,First,#,Metro3d_Tile_Parts\Bos3d_QtrTile_Poly,center_y,-1,-1;quarter "quarter" true true false 10 Text 0 0,First,#,Metro3d_Tile_Parts\Bos3d_QtrTile_Poly,quarter,0,10;Id_1 "Id_1" true true false 4 Long 0 0,First,#,Metro3d_Tile_Parts\Bos3d_QtrTile_Poly,Id_1,-1,-1;tile_id "tile_id" true true false 25 Text 0 0,First,#,Metro3d_Tile_Parts\Bos3d_QtrTile_Poly,tile_id,0,25;tile_label "tile_label" true true false 10 Text 0 0,First,#,Metro3d_Tile_Parts\Bos3d_QtrTile_Poly,tile_label,0,10;town "town" true true false 50 Text 0 0,First,#,Metro3d_Tile_Parts\Bos3d_QtrTile_Poly,town,0,50;grid_col "grid_col" true true false 10 Text 0 0,First,#,Metro3d_Tile_Parts\Bos3d_QtrTile_Poly,grid_col,0,10;grid_row "grid_row" true true false 10 Text 0 0,First,#,Metro3d_Tile_Parts\Bos3d_QtrTile_Poly,grid_row,0,10;town_code "town_code" true true false 10 Text 0 0,First,#,Metro3d_Tile_Parts\Bos3d_QtrTile_Poly,town_code,0,10;center_x_1 "center_x_1" true true false 4 Long 0 0,First,#,Metro3d_Tile_Parts\Bos3d_QtrTile_Poly,center_x_1,-1,-1;center_y_1 "center_y_1" true true false 4 Long 0 0,First,#,Metro3d_Tile_Parts\Bos3d_QtrTile_Poly,center_y_1,-1,-1;center_lat "center_lat" true true false 8 Double 0 0,First,#,Metro3d_Tile_Parts\Bos3d_QtrTile_Poly,center_lat,-1,-1;center_lon "center_lon" true true false 8 Double 0 0,First,#,Metro3d_Tile_Parts\Bos3d_QtrTile_Poly,center_lon,-1,-1;Shape_Length "Shape_Length" false true true 8 Double 0 0,First,#,Metro3d_Tile_Parts\Bos3d_QtrTile_Poly,Shape_Length,-1,-1;Shape_Area "Shape_Area" false true true 8 Double 0 0,First,#,Metro3d_Tile_Parts\Bos3d_QtrTile_Poly,Shape_Area,-1,-1" #</Process></lineage><itemProps><itemName Sync="TRUE">Metro3d_TileGridQtr_Poly</itemName><imsContentType Sync="TRUE">002</imsContentType><itemSize Sync="TRUE">0.000</itemSize><itemLocation><linkage Sync="TRUE">file://\\DESKTOP-B8NSRQR\current_work\projects\Boston\Bos3d\Bos3dDevpbc\Workflows\CityTiler\cityTiler\citytiler_data\Metro_3d_TileGrid_MS\downloads\Metro3d_TileGrid_SHP\Metro3d_TileGridQtr_Poly.shp</linkage><protocol Sync="TRUE">Local Area Network</protocol></itemLocation></itemProps><coordRef><type Sync="TRUE">Projected</type><geogcsn Sync="TRUE">GCS_North_American_1983</geogcsn><csUnits Sync="TRUE">Linear Unit: Foot_US (0.304801)</csUnits><projcsn Sync="TRUE">NAD_1983_StatePlane_Massachusetts_Mainland_FIPS_2001_Feet</projcsn><peXml Sync="TRUE">&lt;ProjectedCoordinateSystem xsi:type='typens:ProjectedCoordinateSystem' xmlns:xsi='http://www.w3.org/2001/XMLSchema-instance' xmlns:xs='http://www.w3.org/2001/XMLSchema' xmlns:typens='http://www.esri.com/schemas/ArcGIS/3.1.0'&gt;&lt;WKT&gt;PROJCS[&amp;quot;NAD_1983_StatePlane_Massachusetts_Mainland_FIPS_2001_Feet&amp;quot;,GEOGCS[&amp;quot;GCS_North_American_1983&amp;quot;,DATUM[&amp;quot;D_North_American_1983&amp;quot;,SPHEROID[&amp;quot;GRS_1980&amp;quot;,6378137.0,298.257222101]],PRIMEM[&amp;quot;Greenwich&amp;quot;,0.0],UNIT[&amp;quot;Degree&amp;quot;,0.0174532925199433]],PROJECTION[&amp;quot;Lambert_Conformal_Conic&amp;quot;],PARAMETER[&amp;quot;False_Easting&amp;quot;,656166.6666666665],PARAMETER[&amp;quot;False_Northing&amp;quot;,2460625.0],PARAMETER[&amp;quot;Central_Meridian&amp;quot;,-71.5],PARAMETER[&amp;quot;Standard_Parallel_1&amp;quot;,41.71666666666667],PARAMETER[&amp;quot;Standard_Parallel_2&amp;quot;,42.68333333333333],PARAMETER[&amp;quot;Latitude_Of_Origin&amp;quot;,41.0],UNIT[&amp;quot;Foot_US&amp;quot;,0.3048006096012192],AUTHORITY[&amp;quot;EPSG&amp;quot;,2249]],VERTCS[&amp;quot;NAVD88_height_(ftUS)&amp;quot;,VDATUM[&amp;quot;North_American_Vertical_Datum_1988&amp;quot;],PARAMETER[&amp;quot;Vertical_Shift&amp;quot;,0.0],PARAMETER[&amp;quot;Direction&amp;quot;,1.0],UNIT[&amp;quot;Foot_US&amp;quot;,0.3048006096012192],AUTHORITY[&amp;quot;EPSG&amp;quot;,6360]]&lt;/WKT&gt;&lt;XOrigin&gt;-119851500&lt;/XOrigin&gt;&lt;YOrigin&gt;-94498200&lt;/YOrigin&gt;&lt;XYScale&gt;37371882.687749371&lt;/XYScale&gt;&lt;ZOrigin&gt;-100000&lt;/ZOrigin&gt;&lt;ZScale&gt;3048.0060960121918&lt;/ZScale&gt;&lt;MOrigin&gt;-100000&lt;/MOrigin&gt;&lt;MScale&gt;10000&lt;/MScale&gt;&lt;XYTolerance&gt;0.0032808333333333331&lt;/XYTolerance&gt;&lt;ZTolerance&gt;0.0032808333333333331&lt;/ZTolerance&gt;&lt;MTolerance&gt;0.001&lt;/MTolerance&gt;&lt;HighPrecision&gt;true&lt;/HighPrecision&gt;&lt;WKID&gt;102686&lt;/WKID&gt;&lt;LatestWKID&gt;2249&lt;/LatestWKID&gt;&lt;VCSWKID&gt;105703&lt;/VCSWKID&gt;&lt;LatestVCSWKID&gt;6360&lt;/LatestVCSWKID&gt;&lt;/ProjectedCoordinateSystem&gt;</peXml></coordRef></DataProperties><SyncDate>20231229</SyncDate><SyncTime>12110500</SyncTime><ModDate>20231229</ModDate><ModTime>12110500</ModTime></Esri><dataIdInfo><envirDesc Sync="TRUE">Microsoft Windows 10 Version 10.0 (Build 19045) ; Esri ArcGIS 13.1.2.41833</envirDesc><dataLang><languageCode value="eng" Sync="TRUE"></languageCode><countryCode value="USA" Sync="TRUE"></countryCode></dataLang><idCitation><resTitle Sync="TRUE">Metro3d_TileGridQtr_Poly</resTitle><presForm><PresFormCd value="005" Sync="TRUE"></PresFormCd></presForm></idCitation><spatRpType><SpatRepTypCd value="001" Sync="TRUE"></SpatRepTypCd></spatRpType></dataIdInfo><mdLang><languageCode value="eng" Sync="TRUE"></languageCode><countryCode value="USA" Sync="TRUE"></countryCode></mdLang><mdChar><CharSetCd value="004" Sync="TRUE"></CharSetCd></mdChar><distInfo><distFormat><formatName Sync="TRUE">Shapefile</formatName></distFormat><distTranOps><transSize Sync="TRUE">0.000</transSize></distTranOps></distInfo><mdHrLv><ScopeCd value="005" Sync="TRUE"></ScopeCd></mdHrLv><mdHrLvName Sync="TRUE">dataset</mdHrLvName><refSysInfo><RefSystem><refSysID><identCode code="2249" Sync="TRUE"></identCode><idCodeSpace Sync="TRUE">EPSG</idCodeSpace><idVersion Sync="TRUE">5.3(9.0.0)</idVersion></refSysID></RefSystem></refSysInfo><spatRepInfo><VectSpatRep><geometObjs Name="Metro3d_TileGridQtr_Poly"><geoObjTyp><GeoObjTypCd value="002" Sync="TRUE"></GeoObjTypCd></geoObjTyp><geoObjCnt Sync="TRUE">0</geoObjCnt></geometObjs><topLvl><TopoLevCd value="001" Sync="TRUE"></TopoLevCd></topLvl></VectSpatRep></spatRepInfo><spdoinfo><ptvctinf><esriterm Name="Metro3d_TileGridQtr_Poly"><efeatyp Sync="TRUE">Simple</efeatyp><efeageom code="4" Sync="TRUE"></efeageom><esritopo Sync="TRUE">FALSE</esritopo><efeacnt Sync="TRUE">0</efeacnt><spindex Sync="TRUE">FALSE</spindex><linrefer Sync="TRUE">FALSE</linrefer></esriterm></ptvctinf></spdoinfo><eainfo><detailed Name="Metro3d_TileGridQtr_Poly"><enttyp><enttypl Sync="TRUE">Metro3d_TileGridQtr_Poly</enttypl><enttypt Sync="TRUE">Feature Class</enttypt><enttypc Sync="TRUE">0</enttypc></enttyp><attr><attrlabl Sync="TRUE">FID</attrlabl><attalias Sync="TRUE">FID</attalias><attrtype Sync="TRUE">OID</attrtype><attwidth Sync="TRUE">4</attwidth><atprecis Sync="TRUE">0</atprecis><attscale Sync="TRUE">0</attscale><attrdef Sync="TRUE">Internal feature number.</attrdef><attrdefs Sync="TRUE">Esri</attrdefs><attrdomv><udom Sync="TRUE">Sequential unique whole numbers that are automatically generated.</udom></attrdomv></attr><attr><attrlabl Sync="TRUE">Shape</attrlabl><attalias Sync="TRUE">Shape</attalias><attrtype Sync="TRUE">Geometry</attrtype><attwidth Sync="TRUE">0</attwidth><atprecis Sync="TRUE">0</atprecis><attscale Sync="TRUE">0</attscale><attrdef Sync="TRUE">Feature geometry.</attrdef><attrdefs Sync="TRUE">Esri</attrdefs><attrdomv><udom Sync="TRUE">Coordinates defining the features.</udom></attrdomv></attr><attr><attrlabl Sync="TRUE">Join_Count</attrlabl><attalias Sync="TRUE">Join_Count</attalias><attrtype Sync="TRUE">Integer</attrtype><attwidth Sync="TRUE">10</attwidth><atprecis Sync="TRUE">10</atprecis><attscale Sync="TRUE">0</attscale></attr><attr><attrlabl Sync="TRUE">TARGET_FID</attrlabl><attalias Sync="TRUE">TARGET_FID</attalias><attrtype Sync="TRUE">Integer</attrtype><attwidth Sync="TRUE">10</attwidth><atprecis Sync="TRUE">10</atprecis><attscale Sync="TRUE">0</attscale></attr><attr><attrlabl Sync="TRUE">Id</attrlabl><attalias Sync="TRUE">Id</attalias><attrtype Sync="TRUE">Integer</attrtype><attwidth Sync="TRUE">10</attwidth><atprecis Sync="TRUE">10</atprecis><attscale Sync="TRUE">0</attscale></attr><attr><attrlabl Sync="TRUE">center_x</attrlabl><attalias Sync="TRUE">center_x</attalias><attrtype Sync="TRUE">Integer</attrtype><attwidth Sync="TRUE">10</attwidth><atprecis Sync="TRUE">10</atprecis><attscale Sync="TRUE">0</attscale></attr><attr><attrlabl Sync="TRUE">center_y</attrlabl><attalias Sync="TRUE">center_y</attalias><attrtype Sync="TRUE">Integer</attrtype><attwidth Sync="TRUE">10</attwidth><atprecis Sync="TRUE">10</atprecis><attscale Sync="TRUE">0</attscale></attr><attr><attrlabl Sync="TRUE">quarter</attrlabl><attalias Sync="TRUE">quarter</attalias><attrtype Sync="TRUE">String</attrtype><attwidth Sync="TRUE">10</attwidth><atprecis Sync="TRUE">0</atprecis><attscale Sync="TRUE">0</attscale></attr><attr><attrlabl Sync="TRUE">Id_1</attrlabl><attalias Sync="TRUE">Id_1</attalias><attrtype Sync="TRUE">Integer</attrtype><attwidth Sync="TRUE">10</attwidth><atprecis Sync="TRUE">10</atprecis><attscale Sync="TRUE">0</attscale></attr><attr><attrlabl Sync="TRUE">tile_id</attrlabl><attalias Sync="TRUE">tile_id</attalias><attrtype Sync="TRUE">String</attrtype><attwidth Sync="TRUE">25</attwidth><atprecis Sync="TRUE">0</atprecis><attscale Sync="TRUE">0</attscale></attr><attr><attrlabl Sync="TRUE">tile_label</attrlabl><attalias Sync="TRUE">tile_label</attalias><attrtype Sync="TRUE">String</attrtype><attwidth Sync="TRUE">10</attwidth><atprecis Sync="TRUE">0</atprecis><attscale Sync="TRUE">0</attscale></attr><attr><attrlabl Sync="TRUE">town</attrlabl><attalias Sync="TRUE">town</attalias><attrtype Sync="TRUE">String</attrtype><attwidth Sync="TRUE">50</attwidth><atprecis Sync="TRUE">0</atprecis><attscale Sync="TRUE">0</attscale></attr><attr><attrlabl Sync="TRUE">grid_col</attrlabl><attalias Sync="TRUE">grid_col</attalias><attrtype Sync="TRUE">String</attrtype><attwidth Sync="TRUE">10</attwidth><atprecis Sync="TRUE">0</atprecis><attscale Sync="TRUE">0</attscale></attr><attr><attrlabl Sync="TRUE">grid_row</attrlabl><attalias Sync="TRUE">grid_row</attalias><attrtype Sync="TRUE">String</attrtype><attwidth Sync="TRUE">10</attwidth><atprecis Sync="TRUE">0</atprecis><attscale Sync="TRUE">0</attscale></attr><attr><attrlabl Sync="TRUE">town_code</attrlabl><attalias Sync="TRUE">town_code</attalias><attrtype Sync="TRUE">String</attrtype><attwidth Sync="TRUE">10</attwidth><atprecis Sync="TRUE">0</atprecis><attscale Sync="TRUE">0</attscale></attr><attr><attrlabl Sync="TRUE">center_x_1</attrlabl><attalias Sync="TRUE">center_x_1</attalias><attrtype Sync="TRUE">Integer</attrtype><attwidth Sync="TRUE">10</attwidth><atprecis Sync="TRUE">10</atprecis><attscale Sync="TRUE">0</attscale></attr><attr><attrlabl Sync="TRUE">center_y_1</attrlabl><attalias Sync="TRUE">center_y_1</attalias><attrtype Sync="TRUE">Integer</attrtype><attwidth Sync="TRUE">10</attwidth><atprecis Sync="TRUE">10</atprecis><attscale Sync="TRUE">0</attscale></attr><attr><attrlabl Sync="TRUE">center_lat</attrlabl><attalias Sync="TRUE">center_lat</attalias><attrtype Sync="TRUE">Double</attrtype><attwidth Sync="TRUE">19</attwidth><atprecis Sync="TRUE">0</atprecis><attscale Sync="TRUE">0</attscale></attr><attr><attrlabl Sync="TRUE">center_lon</attrlabl><attalias Sync="TRUE">center_lon</attalias><attrtype Sync="TRUE">Double</attrtype><attwidth Sync="TRUE">19</attwidth><atprecis Sync="TRUE">0</atprecis><attscale Sync="TRUE">0</attscale></attr><attr><attrlabl Sync="TRUE">Shape_Leng</attrlabl><attalias Sync="TRUE">Shape_Leng</attalias><attrtype Sync="TRUE">Double</attrtype><attwidth Sync="TRUE">19</attwidth><atprecis Sync="TRUE">0</atprecis><attscale Sync="TRUE">0</attscale></attr><attr><attrlabl Sync="TRUE">Shape_Area</attrlabl><attalias Sync="TRUE">Shape_Area</attalias><attrtype Sync="TRUE">Double</attrtype><attwidth Sync="TRUE">19</attwidth><atprecis Sync="TRUE">0</atprecis><attscale Sync="TRUE">0</attscale><attrdef Sync="TRUE">Area of feature in internal units squared.</attrdef><attrdefs Sync="TRUE">Esri</attrdefs><attrdomv><udom Sync="TRUE">Positive real numbers that are automatically generated.</udom></attrdomv></attr></detailed></eainfo><mdDateSt Sync="TRUE">20231229</mdDateSt></metadata>
