<metadata xml:lang="en"><Esri><CreaDate>20220628</CreaDate><CreaTime>14385800</CreaTime><ArcGISFormat>1.0</ArcGISFormat><SyncOnce>FALSE</SyncOnce><DataProperties><lineage><Process Name="Create Fishnet" ToolSource="c:\program files\arcgis\pro\Resources\ArcToolbox\toolboxes\Data Management Tools.tbx\CreateFishnet" Date="20220628" Time="143858">CreateFishnet F:\current_work\projects\metro_3d\citySchema-cityTiler\Cty3D_RepoCat\CityWide\Bos3d_TileGrid_Poly.shp "0 0" "0 10" 5000 5000 # # "86000 86000" NO_LABELS "0 0 86000 86000" Polygon</Process><Process Name="Add Fields (multiple)" ToolSource="c:\program files\arcgis\pro\Resources\ArcToolbox\toolboxes\Data Management Tools.tbx\AddFields" Date="20220628" Time="143858">AddFields F:\current_work\projects\metro_3d\citySchema-cityTiler\Cty3D_RepoCat\CityWide\Bos3d_TileGrid_Poly.shp "tile_id TEXT # 25 # #;tile_label TEXT # 10 # #;town TEXT # 50 # #;grid_col TEXT # 10 # #;grid_row TEXT # 10 # #;town_code TEXT # 10 # #;center_x LONG # # # #;center_y LONG # # # #;center_lat DOUBLE # # # #;center_lon DOUBLE # # # #"</Process><Process Name="Calculate Geometry Attributes (2)" ToolSource="c:\program files\arcgis\pro\Resources\ArcToolbox\toolboxes\Data Management Tools.tbx\CalculateGeometryAttributes" Date="20220628" Time="143959">CalculateGeometryAttributes F:\current_work\projects\metro_3d\citySchema-cityTiler\Cty3D_RepoCat\CityWide\Bos3d_TileGrid_Poly.shp "center_x INSIDE_X;center_y INSIDE_Y" # # PROJCS["MASP_BOS_SHIFT_3",GEOGCS["GCS_North_American_1983",DATUM["D_North_American_1983",SPHEROID["GRS_1980",6378137.0,298.257222101]],PRIMEM["Greenwich",0.0],UNIT["Degree",0.0174532925199433]],PROJECTION["Lambert_Conformal_Conic"],PARAMETER["False_Easting",-76033.33],PARAMETER["False_Northing",-442275.0],PARAMETER["Central_Meridian",-71.5],PARAMETER["Standard_Parallel_1",41.71666666666667],PARAMETER["Standard_Parallel_2",42.68333333333333],PARAMETER["Scale_Factor",1.0],PARAMETER["Latitude_Of_Origin",41.0],UNIT["Foot_US",0.3048006096012192]] "Same as input"</Process><Process Name="Calculate Field" ToolSource="c:\program files\arcgis\pro\Resources\ArcToolbox\toolboxes\Data Management Tools.tbx\CalculateField" Date="20220628" Time="144134">CalculateField Bos3d_TileGrid_Poly_Layer3 town "BOS" "Python 3" # Text NO_ENFORCE_DOMAINS</Process><Process Name="Calculate Field (2)" ToolSource="c:\program files\arcgis\pro\Resources\ArcToolbox\toolboxes\Data Management Tools.tbx\CalculateField" Date="20220628" Time="144638">CalculateField Bos3d_TileGrid_Poly_Layer3 grid_row calcgridrow(!center_y!) "Python 3" "rows = ['1','2','3','4','5','6','7','8','9','10','11','12','13']

def calcgridrow(center_y):
    row_index = int((67500 - center_y ) / 5000)
    print('Row Index is ' + str(row_index))
    if ((row_index &gt;= 0) and (row_index &lt;= 12)):
        return rows[row_index]
    else: return """ Text NO_ENFORCE_DOMAINS</Process><Process Name="Calculate Field (3)" ToolSource="c:\program files\arcgis\pro\Resources\ArcToolbox\toolboxes\Data Management Tools.tbx\CalculateField" Date="20220628" Time="144639">CalculateField Bos3d_TileGrid_Poly_Layer3 grid_col calcgridcol(!center_x!) "Python 3" "cols = ['A','B','C','D','E','F','G','H','I','J','K','L','M','N','O']

def calcgridcol(center_x):
    col_index = (int((center_x - 2500) / 5000))
    print('Col Index is ' + str(col_index))
    if ((col_index &gt;= 0) and (col_index &lt;=14)):
        return cols[col_index]
    else: return """ Text NO_ENFORCE_DOMAINS</Process><Process Name="Calculate Field (4)" ToolSource="c:\program files\arcgis\pro\Resources\ArcToolbox\toolboxes\Data Management Tools.tbx\CalculateField" Date="20220628" Time="144640">CalculateField Bos3d_TileGrid_Poly_Layer3 tile_id "str(!town!) + "_" + str(!grid_col!) + "_" + str(!grid_row!)" "Python 3" # Text NO_ENFORCE_DOMAINS</Process><Process Name="Calculate Field (5)" ToolSource="c:\program files\arcgis\pro\Resources\ArcToolbox\toolboxes\Data Management Tools.tbx\CalculateField" Date="20220628" Time="144641">CalculateField Bos3d_TileGrid_Poly_Layer3 tile_label "str(!grid_col!) + "-" + str(!grid_row!)" "Python 3" # Text NO_ENFORCE_DOMAINS</Process><Process Name="Calculate Geometry Attributes" ToolSource="c:\program files\arcgis\pro\Resources\ArcToolbox\toolboxes\Data Management Tools.tbx\CalculateGeometryAttributes" Date="20220628" Time="145135">CalculateGeometryAttributes F:\current_work\projects\metro_3d\citySchema-cityTiler\Cty3D_RepoCat\CityWide\Bos3d_TileGrid_Poly.shp "center_lat CENTROID_Y;center_lon CENTROID_X" # # GEOGCS["GCS_WGS_1984",DATUM["D_WGS_1984",SPHEROID["WGS_1984",6378137.0,298.257223563]],PRIMEM["Greenwich",0.0],UNIT["Degree",0.0174532925199433]],VERTCS["NAVD88_height_(ftUS)",VDATUM["North_American_Vertical_Datum_1988"],PARAMETER["Vertical_Shift",0.0],PARAMETER["Direction",1.0],UNIT["Foot_US",0.3048006096012192]] "Same as input"</Process><Process Name="Feature To Point" ToolSource="c:\program files\arcgis\pro\Resources\ArcToolbox\toolboxes\Data Management Tools.tbx\FeatureToPoint" Date="20220628" Time="145206">FeatureToPoint F:\current_work\projects\metro_3d\citySchema-cityTiler\Cty3D_RepoCat\CityWide\Bos3d_TileGrid_Poly.shp F:\current_work\projects\metro_3d\citySchema-cityTiler\scratch\scratch.gdb\Bos3d_TileGrid_Pts INSIDE</Process><Process Name="Add Field (2)" ToolSource="c:\program files\arcgis\pro\Resources\ArcToolbox\toolboxes\Data Management Tools.tbx\AddField" Date="20220628" Time="145207">AddField F:\current_work\projects\metro_3d\citySchema-cityTiler\scratch\scratch.gdb\Bos3d_TileGrid_Pts Pt_Type Text # # 25 # NULLABLE NON_REQUIRED #</Process><Process Name="Calculate Field (4)" ToolSource="c:\program files\arcgis\pro\Resources\ArcToolbox\toolboxes\Data Management Tools.tbx\CalculateField" Date="20220628" Time="145208">CalculateField F:\current_work\projects\metro_3d\citySchema-cityTiler\scratch\scratch.gdb\Bos3d_TileGrid_Pts Pt_Type "Center" "Python 3" # Text NO_ENFORCE_DOMAINS</Process><Process Name="Append" ToolSource="c:\program files\arcgis\pro\Resources\ArcToolbox\toolboxes\Data Management Tools.tbx\Append" Date="20220628" Time="145209">Append F:\current_work\projects\metro_3d\citySchema-cityTiler\scratch\scratch.gdb\tile_corner_pt_tmp F:\current_work\projects\metro_3d\citySchema-cityTiler\scratch\scratch.gdb\Bos3d_TileGrid_Pts "Input fields must match target fields" # # #</Process><Process Name="Add Fields (multiple)" ToolSource="c:\program files\arcgis\pro\Resources\ArcToolbox\toolboxes\Data Management Tools.tbx\AddFields" Date="20220628" Time="145210">AddFields F:\current_work\projects\metro_3d\citySchema-cityTiler\scratch\scratch.gdb\Bos3d_TileGrid_Pts "el_ft DOUBLE # # # #;el_mtr DOUBLE # # # #;dtm_code TEXT # 25 # #"</Process><Process Name="Update Feature Z" ToolSource="c:\program files\arcgis\pro\Resources\ArcToolbox\toolboxes\3D Analyst Tools.tbx\UpdateFeatureZ" Date="20220628" Time="145220">UpdateFeatureZ F:\current_work\projects\metro_3d\citySchema-cityTiler\scratch\scratch.gdb\Bos3d_TileGrid_Pts F:\current_work\projects\metro_3d\citySchema-cityTiler\sources\demo_clip\terrain\dem.tif Bilinear #</Process><Process Name="Add Z Information" ToolSource="c:\program files\arcgis\pro\Resources\ArcToolbox\toolboxes\3D Analyst Tools.tbx\AddZInformation" Date="20220628" Time="145221">AddZInformation F:\current_work\projects\metro_3d\citySchema-cityTiler\scratch\scratch.gdb\Bos3d_TileGrid_Pts Z #</Process><Process Name="Calculate Field (3)" ToolSource="c:\program files\arcgis\pro\Resources\ArcToolbox\toolboxes\Data Management Tools.tbx\CalculateField" Date="20220628" Time="145221">CalculateField F:\current_work\projects\metro_3d\citySchema-cityTiler\scratch\scratch.gdb\Bos3d_TileGrid_Pts el_ft !Z! "Python 3" # Text NO_ENFORCE_DOMAINS</Process><Process Name="Calculate Field" ToolSource="c:\program files\arcgis\pro\Resources\ArcToolbox\toolboxes\Data Management Tools.tbx\CalculateField" Date="20220628" Time="145222">CalculateField F:\current_work\projects\metro_3d\citySchema-cityTiler\scratch\scratch.gdb\Bos3d_TileGrid_Pts El_Mtr "!El_ft! / 3.28" "Python 3" # Text NO_ENFORCE_DOMAINS</Process><Process Name="Copy Features" ToolSource="c:\program files\arcgis\pro\Resources\ArcToolbox\toolboxes\Data Management Tools.tbx\CopyFeatures" Date="20220628" Time="145224">CopyFeatures F:\current_work\projects\metro_3d\citySchema-cityTiler\scratch\scratch.gdb\Bos3d_TileGrid_Pts F:\current_work\projects\metro_3d\citySchema-cityTiler\Cty3D_RepoCat\CityWide\Bos3d_TileGrid_Pts.shp # 0 0 0</Process><Process ToolSource="c:\program files\arcgis\pro\Resources\ArcToolbox\toolboxes\Data Management Tools.tbx\CalculateField" Date="20230410" Time="120731">CalculateField "Metro3d_Tile_Parts\Metro3d_TileGrid_Pts DQV" town_code "out" "Python 3" # Text NO_ENFORCE_DOMAINS</Process><Process ToolSource="c:\program files\arcgis\pro\Resources\ArcToolbox\toolboxes\Data Management Tools.tbx\CalculateField" Date="20230410" Time="120850">CalculateField "Metro3d_Tile_Parts\Metro3d_TileGrid_Pts DQV" town_code "" "Python 3" # Text NO_ENFORCE_DOMAINS</Process><Process ToolSource="c:\program files\arcgis\pro\Resources\ArcToolbox\toolboxes\Data Management Tools.tbx\CalculateField" Date="20230410" Time="120908">CalculateField "Metro3d_Tile_Parts\Metro3d_TileGrid_Pts DQV" town_code "out" "Python 3" # Text NO_ENFORCE_DOMAINS</Process><Process ToolSource="c:\program files\arcgis\pro\Resources\ArcToolbox\toolboxes\Data Management Tools.tbx\CalculateField" Date="20230410" Time="121333">CalculateField "Metro3d_Tile_Parts\Metro3d_TileGrid_Pts DQV" town_code "out" "Python 3" # Text NO_ENFORCE_DOMAINS</Process><Process ToolSource="c:\program files\arcgis\pro\Resources\ArcToolbox\toolboxes\Data Management Tools.tbx\CalculateField" Date="20230410" Time="122140">CalculateField Metro3d_Tile_Parts\Metro3d_TileGrid_Pts town_code "" "Python 3" # Text NO_ENFORCE_DOMAINS</Process><Process ToolSource="c:\program files\arcgis\pro\Resources\ArcToolbox\toolboxes\Data Management Tools.tbx\CalculateField" Date="20230410" Time="122226">CalculateField Metro3d_Tile_Parts\Metro3d_TileGrid_Pts town_code "out" "Python 3" # Text NO_ENFORCE_DOMAINS</Process><Process ToolSource="c:\program files\arcgis\pro\Resources\ArcToolbox\toolboxes\Data Management Tools.tbx\CalculateField" Date="20231109" Time="071815">CalculateField Metro3d_Tile_Parts\Metro3d_TileGrid_Pts tile_id "Insertion Point" "Python 3" # Text NO_ENFORCE_DOMAINS</Process><Process ToolSource="c:\program files\arcgis\pro\Resources\ArcToolbox\toolboxes\Conversion Tools.tbx\ExportFeatures" Date="20231109" Time="093616">ExportFeatures Metro3d_Tile_Parts\Metro3d_TileGrid_Pts F:\current_work\projects\Boston\Bos3d\Bos3dDevpbc\Workflows\CityTiler\cityTiler\citytiler_data\citytyler_data.gdb\Metro3d_TileGrid_Pts # NOT_USE_ALIAS "Id "Id" true true false 10 Long 0 10,First,#,Metro3d_Tile_Parts\Metro3d_TileGrid_Pts,Id,-1,-1;tile_id "tile_id" true true false 25 Text 0 0,First,#,Metro3d_Tile_Parts\Metro3d_TileGrid_Pts,tile_id,0,25;tile_label "tile_label" true true false 10 Text 0 0,First,#,Metro3d_Tile_Parts\Metro3d_TileGrid_Pts,tile_label,0,10;town "town" true true false 50 Text 0 0,First,#,Metro3d_Tile_Parts\Metro3d_TileGrid_Pts,town,0,50;grid_col "grid_col" true true false 10 Text 0 0,First,#,Metro3d_Tile_Parts\Metro3d_TileGrid_Pts,grid_col,0,10;grid_row "grid_row" true true false 10 Text 0 0,First,#,Metro3d_Tile_Parts\Metro3d_TileGrid_Pts,grid_row,0,10;town_code "town_code" true true false 10 Text 0 0,First,#,Metro3d_Tile_Parts\Metro3d_TileGrid_Pts,town_code,0,10;center_x "center_x" true true false 10 Long 0 10,First,#,Metro3d_Tile_Parts\Metro3d_TileGrid_Pts,center_x,-1,-1;center_y "center_y" true true false 10 Long 0 10,First,#,Metro3d_Tile_Parts\Metro3d_TileGrid_Pts,center_y,-1,-1;center_lat "center_lat" true true false 19 Double 0 0,First,#,Metro3d_Tile_Parts\Metro3d_TileGrid_Pts,center_lat,-1,-1;center_lon "center_lon" true true false 19 Double 0 0,First,#,Metro3d_Tile_Parts\Metro3d_TileGrid_Pts,center_lon,-1,-1;ORIG_FID "ORIG_FID" true true false 10 Long 0 10,First,#,Metro3d_Tile_Parts\Metro3d_TileGrid_Pts,ORIG_FID,-1,-1;Pt_Type "Pt_Type" true true false 25 Text 0 0,First,#,Metro3d_Tile_Parts\Metro3d_TileGrid_Pts,Pt_Type,0,25;el_ft "el_ft" true true false 19 Double 0 0,First,#,Metro3d_Tile_Parts\Metro3d_TileGrid_Pts,el_ft,-1,-1;el_mtr "el_mtr" true true false 19 Double 0 0,First,#,Metro3d_Tile_Parts\Metro3d_TileGrid_Pts,el_mtr,-1,-1;dtm_code "dtm_code" true true false 25 Text 0 0,First,#,Metro3d_Tile_Parts\Metro3d_TileGrid_Pts,dtm_code,0,25;Z "Z" true true false 19 Double 0 0,First,#,Metro3d_Tile_Parts\Metro3d_TileGrid_Pts,Z,-1,-1" #</Process><Process ToolSource="c:\program files\arcgis\pro\Resources\ArcToolbox\toolboxes\Conversion Tools.tbx\ExportFeatures" Date="20231229" Time="121001">ExportFeatures Metro3d_Tile_Parts\Metro3d_TileGrid_Pts F:\current_work\projects\Boston\Bos3d\Bos3dDevpbc\Workflows\CityTiler\cityTiler\citytiler_data\Metro_3d_TileGrid_MS\downloads\Metro3d_TileGrid_SHP\Metro3d_TileGrid_Pts.shp # NOT_USE_ALIAS "Id "Id" true true false 4 Long 0 0,First,#,Metro3d_Tile_Parts\Metro3d_TileGrid_Pts,Id,-1,-1;tile_id "tile_id" true true false 25 Text 0 0,First,#,Metro3d_Tile_Parts\Metro3d_TileGrid_Pts,tile_id,0,25;tile_label "tile_label" true true false 10 Text 0 0,First,#,Metro3d_Tile_Parts\Metro3d_TileGrid_Pts,tile_label,0,10;town "town" true true false 50 Text 0 0,First,#,Metro3d_Tile_Parts\Metro3d_TileGrid_Pts,town,0,50;grid_col "grid_col" true true false 10 Text 0 0,First,#,Metro3d_Tile_Parts\Metro3d_TileGrid_Pts,grid_col,0,10;grid_row "grid_row" true true false 10 Text 0 0,First,#,Metro3d_Tile_Parts\Metro3d_TileGrid_Pts,grid_row,0,10;town_code "town_code" true true false 10 Text 0 0,First,#,Metro3d_Tile_Parts\Metro3d_TileGrid_Pts,town_code,0,10;center_x "center_x" true true false 4 Long 0 0,First,#,Metro3d_Tile_Parts\Metro3d_TileGrid_Pts,center_x,-1,-1;center_y "center_y" true true false 4 Long 0 0,First,#,Metro3d_Tile_Parts\Metro3d_TileGrid_Pts,center_y,-1,-1;center_lat "center_lat" true true false 8 Double 0 0,First,#,Metro3d_Tile_Parts\Metro3d_TileGrid_Pts,center_lat,-1,-1;center_lon "center_lon" true true false 8 Double 0 0,First,#,Metro3d_Tile_Parts\Metro3d_TileGrid_Pts,center_lon,-1,-1;ORIG_FID "ORIG_FID" true true false 4 Long 0 0,First,#,Metro3d_Tile_Parts\Metro3d_TileGrid_Pts,ORIG_FID,-1,-1;Pt_Type "Pt_Type" true true false 25 Text 0 0,First,#,Metro3d_Tile_Parts\Metro3d_TileGrid_Pts,Pt_Type,0,25;el_ft "el_ft" true true false 8 Double 0 0,First,#,Metro3d_Tile_Parts\Metro3d_TileGrid_Pts,el_ft,-1,-1;el_mtr "el_mtr" true true false 8 Double 0 0,First,#,Metro3d_Tile_Parts\Metro3d_TileGrid_Pts,el_mtr,-1,-1;dtm_code "dtm_code" true true false 25 Text 0 0,First,#,Metro3d_Tile_Parts\Metro3d_TileGrid_Pts,dtm_code,0,25;Z "Z" true true false 8 Double 0 0,First,#,Metro3d_Tile_Parts\Metro3d_TileGrid_Pts,Z,-1,-1" #</Process></lineage><itemProps><itemName Sync="TRUE">Metro3d_TileGrid_Pts</itemName><imsContentType Sync="TRUE">002</imsContentType><itemLocation><linkage Sync="TRUE">file://\\DESKTOP-B8NSRQR\current_work\projects\Boston\Bos3d\Bos3dDevpbc\Workflows\CityTiler\cityTiler\citytiler_data\Metro_3d_TileGrid_MS\downloads\Metro3d_TileGrid_SHP\Metro3d_TileGrid_Pts.shp</linkage><protocol Sync="TRUE">Local Area Network</protocol></itemLocation><itemSize Sync="TRUE">0.000</itemSize></itemProps><coordRef><type Sync="TRUE">Projected</type><geogcsn Sync="TRUE">GCS_North_American_1983</geogcsn><csUnits Sync="TRUE">Linear Unit: Foot_US (0.304801)</csUnits><projcsn Sync="TRUE">NAD_1983_StatePlane_Massachusetts_Mainland_FIPS_2001_Feet</projcsn><peXml Sync="TRUE">&lt;ProjectedCoordinateSystem xsi:type='typens:ProjectedCoordinateSystem' xmlns:xsi='http://www.w3.org/2001/XMLSchema-instance' xmlns:xs='http://www.w3.org/2001/XMLSchema' xmlns:typens='http://www.esri.com/schemas/ArcGIS/3.1.0'&gt;&lt;WKT&gt;PROJCS[&amp;quot;NAD_1983_StatePlane_Massachusetts_Mainland_FIPS_2001_Feet&amp;quot;,GEOGCS[&amp;quot;GCS_North_American_1983&amp;quot;,DATUM[&amp;quot;D_North_American_1983&amp;quot;,SPHEROID[&amp;quot;GRS_1980&amp;quot;,6378137.0,298.257222101]],PRIMEM[&amp;quot;Greenwich&amp;quot;,0.0],UNIT[&amp;quot;Degree&amp;quot;,0.0174532925199433]],PROJECTION[&amp;quot;Lambert_Conformal_Conic&amp;quot;],PARAMETER[&amp;quot;False_Easting&amp;quot;,656166.6666666665],PARAMETER[&amp;quot;False_Northing&amp;quot;,2460625.0],PARAMETER[&amp;quot;Central_Meridian&amp;quot;,-71.5],PARAMETER[&amp;quot;Standard_Parallel_1&amp;quot;,41.71666666666667],PARAMETER[&amp;quot;Standard_Parallel_2&amp;quot;,42.68333333333333],PARAMETER[&amp;quot;Latitude_Of_Origin&amp;quot;,41.0],UNIT[&amp;quot;Foot_US&amp;quot;,0.3048006096012192],AUTHORITY[&amp;quot;EPSG&amp;quot;,2249]],VERTCS[&amp;quot;NAVD88_height_(ftUS)&amp;quot;,VDATUM[&amp;quot;North_American_Vertical_Datum_1988&amp;quot;],PARAMETER[&amp;quot;Vertical_Shift&amp;quot;,0.0],PARAMETER[&amp;quot;Direction&amp;quot;,1.0],UNIT[&amp;quot;Foot_US&amp;quot;,0.3048006096012192],AUTHORITY[&amp;quot;EPSG&amp;quot;,6360]]&lt;/WKT&gt;&lt;XOrigin&gt;-119851500&lt;/XOrigin&gt;&lt;YOrigin&gt;-94498200&lt;/YOrigin&gt;&lt;XYScale&gt;37371882.687749371&lt;/XYScale&gt;&lt;ZOrigin&gt;-100000&lt;/ZOrigin&gt;&lt;ZScale&gt;3048.0060960121918&lt;/ZScale&gt;&lt;MOrigin&gt;-100000&lt;/MOrigin&gt;&lt;MScale&gt;10000&lt;/MScale&gt;&lt;XYTolerance&gt;0.0032808333333333331&lt;/XYTolerance&gt;&lt;ZTolerance&gt;0.0032808333333333331&lt;/ZTolerance&gt;&lt;MTolerance&gt;0.001&lt;/MTolerance&gt;&lt;HighPrecision&gt;true&lt;/HighPrecision&gt;&lt;WKID&gt;102686&lt;/WKID&gt;&lt;LatestWKID&gt;2249&lt;/LatestWKID&gt;&lt;VCSWKID&gt;105703&lt;/VCSWKID&gt;&lt;LatestVCSWKID&gt;6360&lt;/LatestVCSWKID&gt;&lt;/ProjectedCoordinateSystem&gt;</peXml></coordRef></DataProperties><SyncDate>20231229</SyncDate><SyncTime>12100100</SyncTime><ModDate>20231229</ModDate><ModTime>12100100</ModTime></Esri><dataIdInfo><envirDesc Sync="TRUE">Microsoft Windows 10 Version 10.0 (Build 19045) ; Esri ArcGIS 13.1.2.41833</envirDesc><dataLang><languageCode value="eng" Sync="TRUE"></languageCode><countryCode value="USA" Sync="TRUE"></countryCode></dataLang><idCitation><resTitle Sync="TRUE">Metro3d_TileGrid_Pts</resTitle><presForm><PresFormCd value="005" Sync="TRUE"></PresFormCd></presForm></idCitation><spatRpType><SpatRepTypCd value="001" Sync="TRUE"></SpatRepTypCd></spatRpType></dataIdInfo><mdLang><languageCode value="eng" Sync="TRUE"></languageCode><countryCode value="USA" Sync="TRUE"></countryCode></mdLang><distInfo><distFormat><formatName Sync="TRUE">Shapefile</formatName></distFormat><distTranOps><transSize Sync="TRUE">0.000</transSize></distTranOps></distInfo><mdHrLv><ScopeCd value="005" Sync="TRUE"></ScopeCd></mdHrLv><mdHrLvName Sync="TRUE">dataset</mdHrLvName><refSysInfo><RefSystem><refSysID><identCode code="2249" Sync="TRUE"></identCode><idCodeSpace Sync="TRUE">EPSG</idCodeSpace><idVersion Sync="TRUE">5.3(9.0.0)</idVersion></refSysID></RefSystem></refSysInfo><spatRepInfo><VectSpatRep><geometObjs Name="Metro3d_TileGrid_Pts"><geoObjTyp><GeoObjTypCd value="004" Sync="TRUE"></GeoObjTypCd></geoObjTyp><geoObjCnt Sync="TRUE">0</geoObjCnt></geometObjs><topLvl><TopoLevCd value="001" Sync="TRUE"></TopoLevCd></topLvl></VectSpatRep></spatRepInfo><spdoinfo><ptvctinf><esriterm Name="Metro3d_TileGrid_Pts"><efeatyp Sync="TRUE">Simple</efeatyp><efeageom code="1" Sync="TRUE"></efeageom><esritopo Sync="TRUE">FALSE</esritopo><efeacnt Sync="TRUE">0</efeacnt><spindex Sync="TRUE">FALSE</spindex><linrefer Sync="TRUE">TRUE</linrefer></esriterm></ptvctinf></spdoinfo><eainfo><detailed Name="Metro3d_TileGrid_Pts"><enttyp><enttypl Sync="TRUE">Metro3d_TileGrid_Pts</enttypl><enttypt Sync="TRUE">Feature Class</enttypt><enttypc Sync="TRUE">0</enttypc></enttyp><attr><attrlabl Sync="TRUE">FID</attrlabl><attalias Sync="TRUE">FID</attalias><attrtype Sync="TRUE">OID</attrtype><attwidth Sync="TRUE">4</attwidth><atprecis Sync="TRUE">0</atprecis><attscale Sync="TRUE">0</attscale><attrdef Sync="TRUE">Internal feature number.</attrdef><attrdefs Sync="TRUE">Esri</attrdefs><attrdomv><udom Sync="TRUE">Sequential unique whole numbers that are automatically generated.</udom></attrdomv></attr><attr><attrlabl Sync="TRUE">Shape</attrlabl><attalias Sync="TRUE">Shape</attalias><attrtype Sync="TRUE">Geometry</attrtype><attwidth Sync="TRUE">0</attwidth><atprecis Sync="TRUE">0</atprecis><attscale Sync="TRUE">0</attscale><attrdef Sync="TRUE">Feature geometry.</attrdef><attrdefs Sync="TRUE">Esri</attrdefs><attrdomv><udom Sync="TRUE">Coordinates defining the features.</udom></attrdomv></attr><attr><attrlabl Sync="TRUE">Id</attrlabl><attalias Sync="TRUE">Id</attalias><attrtype Sync="TRUE">Integer</attrtype><attwidth Sync="TRUE">10</attwidth><atprecis Sync="TRUE">10</atprecis><attscale Sync="TRUE">0</attscale></attr><attr><attrlabl Sync="TRUE">tile_id</attrlabl><attalias Sync="TRUE">tile_id</attalias><attrtype Sync="TRUE">String</attrtype><attwidth Sync="TRUE">25</attwidth><atprecis Sync="TRUE">0</atprecis><attscale Sync="TRUE">0</attscale></attr><attr><attrlabl Sync="TRUE">tile_label</attrlabl><attalias Sync="TRUE">tile_label</attalias><attrtype Sync="TRUE">String</attrtype><attwidth Sync="TRUE">10</attwidth><atprecis Sync="TRUE">0</atprecis><attscale Sync="TRUE">0</attscale></attr><attr><attrlabl Sync="TRUE">town</attrlabl><attalias Sync="TRUE">town</attalias><attrtype Sync="TRUE">String</attrtype><attwidth Sync="TRUE">50</attwidth><atprecis Sync="TRUE">0</atprecis><attscale Sync="TRUE">0</attscale></attr><attr><attrlabl Sync="TRUE">grid_col</attrlabl><attalias Sync="TRUE">grid_col</attalias><attrtype Sync="TRUE">String</attrtype><attwidth Sync="TRUE">10</attwidth><atprecis Sync="TRUE">0</atprecis><attscale Sync="TRUE">0</attscale></attr><attr><attrlabl Sync="TRUE">grid_row</attrlabl><attalias Sync="TRUE">grid_row</attalias><attrtype Sync="TRUE">String</attrtype><attwidth Sync="TRUE">10</attwidth><atprecis Sync="TRUE">0</atprecis><attscale Sync="TRUE">0</attscale></attr><attr><attrlabl Sync="TRUE">town_code</attrlabl><attalias Sync="TRUE">town_code</attalias><attrtype Sync="TRUE">String</attrtype><attwidth Sync="TRUE">10</attwidth><atprecis Sync="TRUE">0</atprecis><attscale Sync="TRUE">0</attscale></attr><attr><attrlabl Sync="TRUE">center_x</attrlabl><attalias Sync="TRUE">center_x</attalias><attrtype Sync="TRUE">Integer</attrtype><attwidth Sync="TRUE">10</attwidth><atprecis Sync="TRUE">10</atprecis><attscale Sync="TRUE">0</attscale></attr><attr><attrlabl Sync="TRUE">center_y</attrlabl><attalias Sync="TRUE">center_y</attalias><attrtype Sync="TRUE">Integer</attrtype><attwidth Sync="TRUE">10</attwidth><atprecis Sync="TRUE">10</atprecis><attscale Sync="TRUE">0</attscale></attr><attr><attrlabl Sync="TRUE">center_lat</attrlabl><attalias Sync="TRUE">center_lat</attalias><attrtype Sync="TRUE">Double</attrtype><attwidth Sync="TRUE">19</attwidth><atprecis Sync="TRUE">0</atprecis><attscale Sync="TRUE">0</attscale></attr><attr><attrlabl Sync="TRUE">center_lon</attrlabl><attalias Sync="TRUE">center_lon</attalias><attrtype Sync="TRUE">Double</attrtype><attwidth Sync="TRUE">19</attwidth><atprecis Sync="TRUE">0</atprecis><attscale Sync="TRUE">0</attscale></attr><attr><attrlabl Sync="TRUE">ORIG_FID</attrlabl><attalias Sync="TRUE">ORIG_FID</attalias><attrtype Sync="TRUE">Integer</attrtype><attwidth Sync="TRUE">10</attwidth><atprecis Sync="TRUE">10</atprecis><attscale Sync="TRUE">0</attscale></attr><attr><attrlabl Sync="TRUE">Pt_Type</attrlabl><attalias Sync="TRUE">Pt_Type</attalias><attrtype Sync="TRUE">String</attrtype><attwidth Sync="TRUE">25</attwidth><atprecis Sync="TRUE">0</atprecis><attscale Sync="TRUE">0</attscale></attr><attr><attrlabl Sync="TRUE">el_ft</attrlabl><attalias Sync="TRUE">el_ft</attalias><attrtype Sync="TRUE">Double</attrtype><attwidth Sync="TRUE">19</attwidth><atprecis Sync="TRUE">0</atprecis><attscale Sync="TRUE">0</attscale></attr><attr><attrlabl Sync="TRUE">el_mtr</attrlabl><attalias Sync="TRUE">el_mtr</attalias><attrtype Sync="TRUE">Double</attrtype><attwidth Sync="TRUE">19</attwidth><atprecis Sync="TRUE">0</atprecis><attscale Sync="TRUE">0</attscale></attr><attr><attrlabl Sync="TRUE">dtm_code</attrlabl><attalias Sync="TRUE">dtm_code</attalias><attrtype Sync="TRUE">String</attrtype><attwidth Sync="TRUE">25</attwidth><atprecis Sync="TRUE">0</atprecis><attscale Sync="TRUE">0</attscale></attr><attr><attrlabl Sync="TRUE">Z</attrlabl><attalias Sync="TRUE">Z</attalias><attrtype Sync="TRUE">Double</attrtype><attwidth Sync="TRUE">19</attwidth><atprecis Sync="TRUE">0</atprecis><attscale Sync="TRUE">0</attscale></attr></detailed></eainfo><mdDateSt Sync="TRUE">20231229</mdDateSt></metadata>
